frame,condition,health_score,single_frame_state,policy_state
0,clean,1.0,OK,OK
1,clean,1.0,OK,OK
2,clean,1.0,OK,OK
3,clean,1.0,OK,OK
4,clean,1.0,OK,OK
5,glare_gain1.05,0.6359022912704646,DEGRADED,OK
6,clean,1.0,OK,OK
7,clean,1.0,OK,OK
8,clean,1.0,OK,OK
9,clean,1.0,OK,OK
10,saltpepper_p0.025,0.6288028717781109,DEGRADED,OK
11,saltpepper_p0.025,0.6288028717781109,DEGRADED,OK
12,clean,1.0,OK,OK
13,clean,1.0,OK,OK
14,clean,1.0,OK,OK
15,blur_gauss_k21,0.44366746490883824,DEGRADED,OK
16,blur_gauss_k21,0.44366746490883824,DEGRADED,OK
17,blur_gauss_k21,0.44366746490883824,DEGRADED,DEGRADED
18,blur_gauss_k21,0.44366746490883824,DEGRADED,DEGRADED
19,blur_gauss_k21,0.44366746490883824,DEGRADED,DEGRADED
20,blur_gauss_k21,0.44366746490883824,DEGRADED,DEGRADED
21,blur_gauss_k21,0.44366746490883824,DEGRADED,DEGRADED
22,blur_gauss_k21,0.44366746490883824,DEGRADED,DEGRADED
